{
    "$schema": "https://schema.management.azure.com/schemas/2015-01-01/deploymentParameters.json#",
    "contentVersion": "1.0.0.0",
    "parameters": {
        "IotHubs_iotks_demo_hub_connectionString": {
            "value": null
        },
        "IotHubs_iotks_demo_hub_containerName": {
            "value": null
        },
        "sites_iotks_demo_backend_name": {
            "value": null
        },
        "IotHubs_iotks_demo_hub_name": {
            "value": null
        },
        "serverfarms_ASP_iotksdemorg_b716_name": {
            "value": null
        },
        "namespaces_iotks_demo_servicebus2_name": {
            "value": null
        },
        "storageAccounts_storageaccountiotks966e_name": {
            "value": null
        },
        "namespaces_iotks_demo_notification_ns_name": {
            "value": null
        },
        "actionGroups_Application_Insights_Smart_Detection_name": {
            "value": null
        },
        "smartdetectoralertrules_failure_anomalies___iotks_demo_backend_name": {
            "value": null
        },
        "components_iotks_demo_backend_externalid": {
            "value": null
        }
    }
}