{
    "$schema": "https://schema.management.azure.com/schemas/2019-04-01/deploymentTemplate.json#",
    "contentVersion": "1.0.0.0",
    "parameters": {
        "IotHubs_iotks_demo_hub_connectionString": {
            "type": "SecureString"
        },
        "IotHubs_iotks_demo_hub_containerName": {
            "type": "SecureString"
        },
        "sites_iotks_demo_backend_name": {
            "defaultValue": "iotks-demo-backend",
            "type": "String"
        },
        "IotHubs_iotks_demo_hub_name": {
            "defaultValue": "iotks-demo-hub",
            "type": "String"
        },
        "serverfarms_ASP_iotksdemorg_b716_name": {
            "defaultValue": "ASP-iotksdemorg-b716",
            "type": "String"
        },
        "namespaces_iotks_demo_servicebus2_name": {
            "defaultValue": "iotks-demo-servicebus2",
            "type": "String"
        },
        "storageAccounts_storageaccountiotks966e_name": {
            "defaultValue": "storageaccountiotks966e",
            "type": "String"
        },
        "namespaces_iotks_demo_notification_ns_name": {
            "defaultValue": "iotks-demo-notification-ns",
            "type": "String"
        },
        "actionGroups_Application_Insights_Smart_Detection_name": {
            "defaultValue": "Application Insights Smart Detection",
            "type": "String"
        },
        "smartdetectoralertrules_failure_anomalies___iotks_demo_backend_name": {
            "defaultValue": "failure anomalies - iotks-demo-backend",
            "type": "String"
        },
        "components_iotks_demo_backend_externalid": {
            "defaultValue": "/subscriptions/e45f68e7-90b2-4ee6-b55b-e734917f77ed/resourceGroups/iotks-demo-rg/providers/microsoft.insights/components/iotks-demo-backend",
            "type": "String"
        }
    },
    "variables": {},
    "resources": [
        {
            "type": "Microsoft.Devices/IotHubs",
            "apiVersion": "2020-08-01",
            "name": "[parameters('IotHubs_iotks_demo_hub_name')]",
            "location": "westeurope",
            "sku": {
                "name": "B1",
                "tier": "Basic",
                "capacity": 1
            },
            "identity": {
                "type": "None"
            },
            "properties": {
                "ipFilterRules": [],
                "eventHubEndpoints": {
                    "events": {
                        "retentionTimeInDays": 1,
                        "partitionCount": 2
                    }
                },
                "routing": {
                    "endpoints": {
                        "serviceBusQueues": [
                            {
                                "connectionString": "Endpoint=sb://iotks-demo-servicebus2.servicebus.windows.net:5671/;SharedAccessKeyName=iothubroutes_iotks-demo-rg;SharedAccessKey=****;EntityPath=alerts",
                                "name": "temperature-alert-endpoint",
                                "id": "7c304b06-b652-4ccc-8c3c-2807b1349478",
                                "subscriptionId": "e45f68e7-90b2-4ee6-b55b-e734917f77ed",
                                "resourceGroup": "iotks-demo-rg"
                            }
                        ],
                        "serviceBusTopics": [],
                        "eventHubs": [],
                        "storageContainers": []
                    },
                    "routes": [
                        {
                            "name": "alert-route",
                            "source": "DeviceMessages",
                            "condition": "$body.temperature > 23",
                            "endpointNames": [
                                "temperature-alert-endpoint"
                            ],
                            "isEnabled": true
                        }
                    ],
                    "fallbackRoute": {
                        "name": "$fallback",
                        "source": "DeviceMessages",
                        "condition": "true",
                        "endpointNames": [
                            "events"
                        ],
                        "isEnabled": true
                    }
                },
                "storageEndpoints": {
                    "$default": {
                        "sasTtlAsIso8601": "PT1H",
                        "connectionString": "[parameters('IotHubs_iotks_demo_hub_connectionString')]",
                        "containerName": "[parameters('IotHubs_iotks_demo_hub_containerName')]"
                    }
                },
                "messagingEndpoints": {
                    "fileNotifications": {
                        "lockDurationAsIso8601": "PT1M",
                        "ttlAsIso8601": "PT1H",
                        "maxDeliveryCount": 10
                    }
                },
                "enableFileUploadNotifications": false,
                "cloudToDevice": {
                    "maxDeliveryCount": 10,
                    "defaultTtlAsIso8601": "PT1H",
                    "feedback": {
                        "lockDurationAsIso8601": "PT1M",
                        "ttlAsIso8601": "PT1H",
                        "maxDeliveryCount": 10
                    }
                },
                "features": "None"
            }
        },
        {
            "type": "microsoft.insights/actionGroups",
            "apiVersion": "2019-03-01",
            "name": "[parameters('actionGroups_Application_Insights_Smart_Detection_name')]",
            "location": "Global",
            "properties": {
                "groupShortName": "SmartDetect",
                "enabled": true,
                "emailReceivers": [],
                "smsReceivers": [],
                "webhookReceivers": [],
                "itsmReceivers": [],
                "azureAppPushReceivers": [],
                "automationRunbookReceivers": [],
                "voiceReceivers": [],
                "logicAppReceivers": [],
                "azureFunctionReceivers": []
            }
        },
        {
            "type": "Microsoft.NotificationHubs/namespaces",
            "apiVersion": "2017-04-01",
            "name": "[parameters('namespaces_iotks_demo_notification_ns_name')]",
            "location": "West Europe",
            "sku": {
                "name": "Free"
            },
            "kind": "NotificationHub",
            "properties": {
                "provisioningState": "Succeeded",
                "status": "Active",
                "createdAt": "2021-02-27T17:06:02.73Z",
                "serviceBusEndpoint": "[concat('https://', parameters('namespaces_iotks_demo_notification_ns_name'), '.servicebus.windows.net:443/')]",
                "enabled": true,
                "critical": false,
                "updatedAt": "2021-02-27T17:06:28.357Z",
                "namespaceType": "NotificationHub"
            }
        },
        {
            "type": "Microsoft.ServiceBus/namespaces",
            "apiVersion": "2018-01-01-preview",
            "name": "[parameters('namespaces_iotks_demo_servicebus2_name')]",
            "location": "West Europe",
            "sku": {
                "name": "Basic",
                "tier": "Basic"
            },
            "properties": {
                "zoneRedundant": false
            }
        },
        {
            "type": "Microsoft.Storage/storageAccounts",
            "apiVersion": "2020-08-01-preview",
            "name": "[parameters('storageAccounts_storageaccountiotks966e_name')]",
            "location": "westeurope",
            "sku": {
                "name": "Standard_LRS",
                "tier": "Standard"
            },
            "kind": "Storage",
            "properties": {
                "minimumTlsVersion": "TLS1_2",
                "networkAcls": {
                    "bypass": "AzureServices",
                    "virtualNetworkRules": [],
                    "ipRules": [],
                    "defaultAction": "Allow"
                },
                "supportsHttpsTrafficOnly": true,
                "encryption": {
                    "services": {
                        "file": {
                            "keyType": "Account",
                            "enabled": true
                        },
                        "blob": {
                            "keyType": "Account",
                            "enabled": true
                        }
                    },
                    "keySource": "Microsoft.Storage"
                }
            }
        },
        {
            "type": "Microsoft.Web/serverfarms",
            "apiVersion": "2018-02-01",
            "name": "[parameters('serverfarms_ASP_iotksdemorg_b716_name')]",
            "location": "West Europe",
            "sku": {
                "name": "Y1",
                "tier": "Dynamic",
                "size": "Y1",
                "family": "Y",
                "capacity": 0
            },
            "kind": "functionapp",
            "properties": {
                "perSiteScaling": false,
                "maximumElasticWorkerCount": 1,
                "isSpot": false,
                "reserved": true,
                "isXenon": false,
                "hyperV": false,
                "targetWorkerCount": 0,
                "targetWorkerSizeId": 0
            }
        },
        {
            "type": "microsoft.alertsmanagement/smartdetectoralertrules",
            "apiVersion": "2019-06-01",
            "name": "[parameters('smartdetectoralertrules_failure_anomalies___iotks_demo_backend_name')]",
            "location": "global",
            "dependsOn": [
                "[resourceId('microsoft.insights/actionGroups', parameters('actionGroups_Application_Insights_Smart_Detection_name'))]"
            ],
            "properties": {
                "description": "Failure Anomalies notifies you of an unusual rise in the rate of failed HTTP requests or dependency calls.",
                "state": "Enabled",
                "severity": "Sev3",
                "frequency": "PT1M",
                "detector": {
                    "id": "FailureAnomaliesDetector",
                    "name": "Failure Anomalies",
                    "description": "Detects if your application experiences an abnormal rise in the rate of HTTP requests or dependency calls that are reported as failed. The anomaly detection uses machine learning algorithms and occurs in near real time, therefore there's no need to define a frequency for this signal.<br/></br/>To help you triage and diagnose the problem, an analysis of the characteristics of the failures and related telemetry is provided with the detection. This feature works for any app, hosted in the cloud or on your own servers, that generates request or dependency telemetry - for example, if you have a worker role that calls <a class=\"ext-smartDetecor-link\" href=\\\"https://docs.microsoft.com/azure/application-insights/app-insights-api-custom-events-metrics#trackrequest\\\" target=\\\"_blank\\\">TrackRequest()</a> or <a class=\"ext-smartDetecor-link\" href=\\\"https://docs.microsoft.com/azure/application-insights/app-insights-api-custom-events-metrics#trackdependency\\\" target=\\\"_blank\\\">TrackDependency()</a>.<br/><br/><a class=\"ext-smartDetecor-link\" href=\\\"https://docs.microsoft.com/azure/azure-monitor/app/proactive-failure-diagnostics\\\" target=\\\"_blank\\\">Learn more about Failure Anomalies</a><br><br><b>A note about your data privacy:</b><br><br>The service is entirely automatic and only you can see these notifications. <a class=\\\"ext-smartDetecor-link\\\" href=\\\"https://docs.microsoft.com/en-us/azure/azure-monitor/app/data-retention-privacy\\\" target=\\\"_blank\\\">Read more about data privacy</a><br><br>Smart Alerts conditions can't be edited or added for now.",
                    "supportedResourceTypes": [
                        "ApplicationInsights"
                    ]
                },
                "scope": [
                    "[parameters('components_iotks_demo_backend_externalid')]"
                ],
                "actionGroups": {
                    "groupIds": [
                        "[resourceId('microsoft.insights/actionGroups', parameters('actionGroups_Application_Insights_Smart_Detection_name'))]"
                    ]
                }
            }
        },
        {
            "type": "Microsoft.NotificationHubs/namespaces/AuthorizationRules",
            "apiVersion": "2017-04-01",
            "name": "[concat(parameters('namespaces_iotks_demo_notification_ns_name'), '/RootManageSharedAccessKey')]",
            "dependsOn": [
                "[resourceId('Microsoft.NotificationHubs/namespaces', parameters('namespaces_iotks_demo_notification_ns_name'))]"
            ],
            "properties": {
                "rights": [
                    "Listen",
                    "Manage",
                    "Send"
                ]
            }
        },
        {
            "type": "Microsoft.NotificationHubs/namespaces/notificationHubs",
            "apiVersion": "2017-04-01",
            "name": "[concat(parameters('namespaces_iotks_demo_notification_ns_name'), '/iotks-demo-notification-hub')]",
            "location": "West Europe",
            "dependsOn": [
                "[resourceId('Microsoft.NotificationHubs/namespaces', parameters('namespaces_iotks_demo_notification_ns_name'))]"
            ],
            "properties": {
                "registrationTtl": "10675199.02:48:05.4775807",
                "authorizationRules": []
            }
        },
        {
            "type": "Microsoft.ServiceBus/namespaces/AuthorizationRules",
            "apiVersion": "2017-04-01",
            "name": "[concat(parameters('namespaces_iotks_demo_servicebus2_name'), '/RootManageSharedAccessKey')]",
            "location": "West Europe",
            "dependsOn": [
                "[resourceId('Microsoft.ServiceBus/namespaces', parameters('namespaces_iotks_demo_servicebus2_name'))]"
            ],
            "properties": {
                "rights": [
                    "Listen",
                    "Manage",
                    "Send"
                ]
            }
        },
        {
            "type": "Microsoft.ServiceBus/namespaces/networkRuleSets",
            "apiVersion": "2018-01-01-preview",
            "name": "[concat(parameters('namespaces_iotks_demo_servicebus2_name'), '/default')]",
            "location": "West Europe",
            "dependsOn": [
                "[resourceId('Microsoft.ServiceBus/namespaces', parameters('namespaces_iotks_demo_servicebus2_name'))]"
            ],
            "properties": {
                "defaultAction": "Deny",
                "virtualNetworkRules": [],
                "ipRules": []
            }
        },
        {
            "type": "Microsoft.ServiceBus/namespaces/queues",
            "apiVersion": "2018-01-01-preview",
            "name": "[concat(parameters('namespaces_iotks_demo_servicebus2_name'), '/alerts')]",
            "location": "West Europe",
            "dependsOn": [
                "[resourceId('Microsoft.ServiceBus/namespaces', parameters('namespaces_iotks_demo_servicebus2_name'))]"
            ],
            "properties": {
                "lockDuration": "PT30S",
                "maxSizeInMegabytes": 1024,
                "requiresDuplicateDetection": false,
                "requiresSession": false,
                "defaultMessageTimeToLive": "P14D",
                "deadLetteringOnMessageExpiration": false,
                "enableBatchedOperations": true,
                "duplicateDetectionHistoryTimeWindow": "PT10M",
                "maxDeliveryCount": 10,
                "status": "Active",
                "autoDeleteOnIdle": "P10675199DT2H48M5.4775807S",
                "enablePartitioning": false,
                "enableExpress": false
            }
        },
        {
            "type": "Microsoft.Storage/storageAccounts/blobServices",
            "apiVersion": "2020-08-01-preview",
            "name": "[concat(parameters('storageAccounts_storageaccountiotks966e_name'), '/default')]",
            "dependsOn": [
                "[resourceId('Microsoft.Storage/storageAccounts', parameters('storageAccounts_storageaccountiotks966e_name'))]"
            ],
            "sku": {
                "name": "Standard_LRS",
                "tier": "Standard"
            },
            "properties": {
                "cors": {
                    "corsRules": []
                },
                "deleteRetentionPolicy": {
                    "enabled": false
                }
            }
        },
        {
            "type": "Microsoft.Storage/storageAccounts/fileServices",
            "apiVersion": "2020-08-01-preview",
            "name": "[concat(parameters('storageAccounts_storageaccountiotks966e_name'), '/default')]",
            "dependsOn": [
                "[resourceId('Microsoft.Storage/storageAccounts', parameters('storageAccounts_storageaccountiotks966e_name'))]"
            ],
            "sku": {
                "name": "Standard_LRS",
                "tier": "Standard"
            },
            "properties": {
                "protocolSettings": {
                    "smb": {}
                },
                "cors": {
                    "corsRules": []
                },
                "shareDeleteRetentionPolicy": {
                    "enabled": true,
                    "days": 7
                }
            }
        },
        {
            "type": "Microsoft.Storage/storageAccounts/queueServices",
            "apiVersion": "2020-08-01-preview",
            "name": "[concat(parameters('storageAccounts_storageaccountiotks966e_name'), '/default')]",
            "dependsOn": [
                "[resourceId('Microsoft.Storage/storageAccounts', parameters('storageAccounts_storageaccountiotks966e_name'))]"
            ],
            "properties": {
                "cors": {
                    "corsRules": []
                }
            }
        },
        {
            "type": "Microsoft.Storage/storageAccounts/tableServices",
            "apiVersion": "2020-08-01-preview",
            "name": "[concat(parameters('storageAccounts_storageaccountiotks966e_name'), '/default')]",
            "dependsOn": [
                "[resourceId('Microsoft.Storage/storageAccounts', parameters('storageAccounts_storageaccountiotks966e_name'))]"
            ],
            "properties": {
                "cors": {
                    "corsRules": []
                }
            }
        },
        {
            "type": "Microsoft.Web/sites",
            "apiVersion": "2018-11-01",
            "name": "[parameters('sites_iotks_demo_backend_name')]",
            "location": "West Europe",
            "dependsOn": [
                "[resourceId('Microsoft.Web/serverfarms', parameters('serverfarms_ASP_iotksdemorg_b716_name'))]"
            ],
            "kind": "functionapp,linux",
            "properties": {
                "enabled": true,
                "hostNameSslStates": [
                    {
                        "name": "[concat(parameters('sites_iotks_demo_backend_name'), '.azurewebsites.net')]",
                        "sslState": "Disabled",
                        "hostType": "Standard"
                    },
                    {
                        "name": "[concat(parameters('sites_iotks_demo_backend_name'), '.scm.azurewebsites.net')]",
                        "sslState": "Disabled",
                        "hostType": "Repository"
                    }
                ],
                "serverFarmId": "[resourceId('Microsoft.Web/serverfarms', parameters('serverfarms_ASP_iotksdemorg_b716_name'))]",
                "reserved": true,
                "isXenon": false,
                "hyperV": false,
                "siteConfig": {},
                "scmSiteAlsoStopped": false,
                "clientAffinityEnabled": false,
                "clientCertEnabled": false,
                "hostNamesDisabled": false,
                "containerSize": 1536,
                "dailyMemoryTimeQuota": 0,
                "httpsOnly": false,
                "redundancyMode": "None"
            }
        },
        {
            "type": "Microsoft.Web/sites/config",
            "apiVersion": "2018-11-01",
            "name": "[concat(parameters('sites_iotks_demo_backend_name'), '/web')]",
            "location": "West Europe",
            "dependsOn": [
                "[resourceId('Microsoft.Web/sites', parameters('sites_iotks_demo_backend_name'))]"
            ],
            "properties": {
                "numberOfWorkers": 1,
                "defaultDocuments": [
                    "Default.htm",
                    "Default.html",
                    "Default.asp",
                    "index.htm",
                    "index.html",
                    "iisstart.htm",
                    "default.aspx",
                    "index.php"
                ],
                "netFrameworkVersion": "v4.0",
                "linuxFxVersion": "DOTNET|3.1",
                "requestTracingEnabled": false,
                "remoteDebuggingEnabled": false,
                "remoteDebuggingVersion": "VS2019",
                "httpLoggingEnabled": false,
                "logsDirectorySizeLimit": 35,
                "detailedErrorLoggingEnabled": false,
                "publishingUsername": "$iotks-demo-backend",
                "azureStorageAccounts": {},
                "scmType": "None",
                "use32BitWorkerProcess": false,
                "webSocketsEnabled": false,
                "alwaysOn": false,
                "managedPipelineMode": "Integrated",
                "virtualApplications": [
                    {
                        "virtualPath": "/",
                        "physicalPath": "site\\wwwroot",
                        "preloadEnabled": false
                    }
                ],
                "loadBalancing": "LeastRequests",
                "experiments": {
                    "rampUpRules": []
                },
                "autoHealEnabled": false,
                "cors": {
                    "allowedOrigins": [
                        "https://functions.azure.com",
                        "https://functions-staging.azure.com",
                        "https://functions-next.azure.com"
                    ],
                    "supportCredentials": false
                },
                "localMySqlEnabled": false,
                "ipSecurityRestrictions": [
                    {
                        "ipAddress": "Any",
                        "action": "Allow",
                        "priority": 1,
                        "name": "Allow all",
                        "description": "Allow all access"
                    }
                ],
                "scmIpSecurityRestrictions": [
                    {
                        "ipAddress": "Any",
                        "action": "Allow",
                        "priority": 1,
                        "name": "Allow all",
                        "description": "Allow all access"
                    }
                ],
                "scmIpSecurityRestrictionsUseMain": false,
                "http20Enabled": false,
                "minTlsVersion": "1.2",
                "ftpsState": "AllAllowed",
                "reservedInstanceCount": 0
            }
        },
        {
            "type": "Microsoft.Web/sites/functions",
            "apiVersion": "2018-11-01",
            "name": "[concat(parameters('sites_iotks_demo_backend_name'), '/TemperatureAlertHandler')]",
            "location": "West Europe",
            "dependsOn": [
                "[resourceId('Microsoft.Web/sites', parameters('sites_iotks_demo_backend_name'))]"
            ],
            "properties": {
                "script_root_path_href": "https://iotks-demo-backend.azurewebsites.net/admin/vfs/home/site/wwwroot/TemperatureAlertHandler/",
                "script_href": "https://iotks-demo-backend.azurewebsites.net/admin/vfs/home/site/wwwroot/bin/IoTHubBackend.dll",
                "config_href": "https://iotks-demo-backend.azurewebsites.net/admin/vfs/home/site/wwwroot/TemperatureAlertHandler/function.json",
                "href": "https://iotks-demo-backend.azurewebsites.net/admin/functions/TemperatureAlertHandler",
                "config": {}
            }
        },
        {
            "type": "Microsoft.Web/sites/hostNameBindings",
            "apiVersion": "2018-11-01",
            "name": "[concat(parameters('sites_iotks_demo_backend_name'), '/', parameters('sites_iotks_demo_backend_name'), '.azurewebsites.net')]",
            "location": "West Europe",
            "dependsOn": [
                "[resourceId('Microsoft.Web/sites', parameters('sites_iotks_demo_backend_name'))]"
            ],
            "properties": {
                "siteName": "iotks-demo-backend",
                "hostNameType": "Verified"
            }
        },
        {
            "type": "Microsoft.NotificationHubs/namespaces/notificationHubs/AuthorizationRules",
            "apiVersion": "2017-04-01",
            "name": "[concat(parameters('namespaces_iotks_demo_notification_ns_name'), '/iotks-demo-notification-hub/DefaultFullSharedAccessSignature')]",
            "dependsOn": [
                "[resourceId('Microsoft.NotificationHubs/namespaces/notificationHubs', parameters('namespaces_iotks_demo_notification_ns_name'), 'iotks-demo-notification-hub')]",
                "[resourceId('Microsoft.NotificationHubs/namespaces', parameters('namespaces_iotks_demo_notification_ns_name'))]"
            ],
            "properties": {
                "rights": [
                    "Listen",
                    "Manage",
                    "Send"
                ]
            }
        },
        {
            "type": "Microsoft.NotificationHubs/namespaces/notificationHubs/AuthorizationRules",
            "apiVersion": "2017-04-01",
            "name": "[concat(parameters('namespaces_iotks_demo_notification_ns_name'), '/iotks-demo-notification-hub/DefaultListenSharedAccessSignature')]",
            "dependsOn": [
                "[resourceId('Microsoft.NotificationHubs/namespaces/notificationHubs', parameters('namespaces_iotks_demo_notification_ns_name'), 'iotks-demo-notification-hub')]",
                "[resourceId('Microsoft.NotificationHubs/namespaces', parameters('namespaces_iotks_demo_notification_ns_name'))]"
            ],
            "properties": {
                "rights": [
                    "Listen"
                ]
            }
        },
        {
            "type": "Microsoft.ServiceBus/namespaces/queues/authorizationRules",
            "apiVersion": "2018-01-01-preview",
            "name": "[concat(parameters('namespaces_iotks_demo_servicebus2_name'), '/alerts/iothubroutes_iotks-demo-rg')]",
            "location": "West Europe",
            "dependsOn": [
                "[resourceId('Microsoft.ServiceBus/namespaces/queues', parameters('namespaces_iotks_demo_servicebus2_name'), 'alerts')]",
                "[resourceId('Microsoft.ServiceBus/namespaces', parameters('namespaces_iotks_demo_servicebus2_name'))]"
            ],
            "properties": {
                "rights": [
                    "Send"
                ]
            }
        },
        {
            "type": "Microsoft.ServiceBus/namespaces/queues/authorizationRules",
            "apiVersion": "2018-01-01-preview",
            "name": "[concat(parameters('namespaces_iotks_demo_servicebus2_name'), '/alerts/notification_bus_sender')]",
            "location": "West Europe",
            "dependsOn": [
                "[resourceId('Microsoft.ServiceBus/namespaces/queues', parameters('namespaces_iotks_demo_servicebus2_name'), 'alerts')]",
                "[resourceId('Microsoft.ServiceBus/namespaces', parameters('namespaces_iotks_demo_servicebus2_name'))]"
            ],
            "properties": {
                "rights": [
                    "Manage",
                    "Listen",
                    "Send"
                ]
            }
        },
        {
            "type": "Microsoft.Storage/storageAccounts/blobServices/containers",
            "apiVersion": "2020-08-01-preview",
            "name": "[concat(parameters('storageAccounts_storageaccountiotks966e_name'), '/default/azure-webjobs-hosts')]",
            "dependsOn": [
                "[resourceId('Microsoft.Storage/storageAccounts/blobServices', parameters('storageAccounts_storageaccountiotks966e_name'), 'default')]",
                "[resourceId('Microsoft.Storage/storageAccounts', parameters('storageAccounts_storageaccountiotks966e_name'))]"
            ],
            "properties": {
                "defaultEncryptionScope": "$account-encryption-key",
                "denyEncryptionScopeOverride": false,
                "publicAccess": "None"
            }
        },
        {
            "type": "Microsoft.Storage/storageAccounts/blobServices/containers",
            "apiVersion": "2020-08-01-preview",
            "name": "[concat(parameters('storageAccounts_storageaccountiotks966e_name'), '/default/azure-webjobs-secrets')]",
            "dependsOn": [
                "[resourceId('Microsoft.Storage/storageAccounts/blobServices', parameters('storageAccounts_storageaccountiotks966e_name'), 'default')]",
                "[resourceId('Microsoft.Storage/storageAccounts', parameters('storageAccounts_storageaccountiotks966e_name'))]"
            ],
            "properties": {
                "defaultEncryptionScope": "$account-encryption-key",
                "denyEncryptionScopeOverride": false,
                "publicAccess": "None"
            }
        },
        {
            "type": "Microsoft.Storage/storageAccounts/blobServices/containers",
            "apiVersion": "2020-08-01-preview",
            "name": "[concat(parameters('storageAccounts_storageaccountiotks966e_name'), '/default/function-releases')]",
            "dependsOn": [
                "[resourceId('Microsoft.Storage/storageAccounts/blobServices', parameters('storageAccounts_storageaccountiotks966e_name'), 'default')]",
                "[resourceId('Microsoft.Storage/storageAccounts', parameters('storageAccounts_storageaccountiotks966e_name'))]"
            ],
            "properties": {
                "defaultEncryptionScope": "$account-encryption-key",
                "denyEncryptionScopeOverride": false,
                "publicAccess": "None"
            }
        },
        {
            "type": "Microsoft.Storage/storageAccounts/blobServices/containers",
            "apiVersion": "2020-08-01-preview",
            "name": "[concat(parameters('storageAccounts_storageaccountiotks966e_name'), '/default/scm-releases')]",
            "dependsOn": [
                "[resourceId('Microsoft.Storage/storageAccounts/blobServices', parameters('storageAccounts_storageaccountiotks966e_name'), 'default')]",
                "[resourceId('Microsoft.Storage/storageAccounts', parameters('storageAccounts_storageaccountiotks966e_name'))]"
            ],
            "properties": {
                "defaultEncryptionScope": "$account-encryption-key",
                "denyEncryptionScopeOverride": false,
                "publicAccess": "None"
            }
        }
    ]
}